tr_build_id,gh_project_name,gh_is_pr,gh_pr_created_at,gh_pull_req_num,gh_lang,git_merged_with,git_branch,gh_num_commits_in_push,gh_commits_in_push,git_prev_commit_resolution_status,git_prev_built_commit,tr_prev_build,gh_first_commit_created_at,gh_team_size,git_all_built_commits,git_num_all_built_commits,git_trigger_commit,tr_virtual_merged_into,tr_original_commit,gh_num_issue_comments,gh_num_commit_comments,gh_num_pr_comments,git_diff_src_churn,git_diff_test_churn,gh_diff_files_added,gh_diff_files_deleted,gh_diff_files_modified,gh_diff_tests_added,gh_diff_tests_deleted,gh_diff_src_files,gh_diff_doc_files,gh_diff_other_files,gh_num_commits_on_files_touched,gh_sloc,gh_test_lines_per_kloc,gh_test_cases_per_kloc,gh_asserts_cases_per_kloc,gh_by_core_team_member,gh_description_complexity,gh_pushed_at,gh_build_started_at,tr_status,tr_duration,tr_jobs,tr_build_number,tr_job_id,tr_log_lan,tr_log_status,tr_log_setup_time,tr_log_analyzer,tr_log_frameworks,tr_log_bool_tests_ran,tr_log_bool_tests_failed,tr_log_num_tests_ok,tr_log_num_tests_failed,tr_log_num_tests_run,tr_log_num_tests_skipped,tr_log_tests_failed,tr_log_testduration,tr_log_buildduration,build_successful
29182555,fernandezpablo85/scribe-java,true,2014-07-05T02:00:04,496,java,commits_in_master,master,3,5eeb6fe8b3914f7fd4961bed26bd8b4c66b082b9#cc55615470101c272bacf1fecd3dfa2a9b0692e9#e83fa1c3da06ca85468b69a7d7d13b0077f8079f,build_found,c4dbbcf98992d4f83f51e06ed2b71dc6f7eacb6a,26005556,2014-07-05T03:49:15,4,cc55615470101c272bacf1fecd3dfa2a9b0692e9#5eeb6fe8b3914f7fd4961bed26bd8b4c66b082b9,2,cc55615470101c272bacf1fecd3dfa2a9b0692e9,c4dbbcf98992d4f83f51e06ed2b71dc6f7eacb6a,09d13224537cf71e1bccf7de930b58d532174308,0,0,0,6,5,0,0,2,0,0,2,0,0,7,2805,904.45632798574,35.2941176470588,33.8680926916221,false,76.0,2014-07-10T23:32:33,2014-07-05T04:01:17,passed,82,[29182556],225,29182556,java,ok,,java-maven,junit,true,false,99,0,99,0,,0.58,,true
14426813,fernandezpablo85/scribe-java,true,2013-11-23T20:04:27,431,java,merge_button,master,3,8fb4d5d4fd23d66e1840bc9da85aec1c771e2e25#d1274eb001b310b2d6674e42c096a32475b6559a#b06efa5058fef019b493e8125dd015fe2e1e6ec5,build_found,7fca6d5c188e2a5102da4a162167697f241ab2c0,10543705,2013-11-23T20:58:02,3,8fb4d5d4fd23d66e1840bc9da85aec1c771e2e25,1,8fb4d5d4fd23d66e1840bc9da85aec1c771e2e25,11dc6b1f541633a6432a41d258357f7fa483778c,70965800d9b058a164c7ce30b3ac1e545e4b9c13,0,0,0,14,0,0,0,1,0,0,1,0,0,31,2803,855.155190866928,33.535497681056,32.108455226543,true,27.0,2013-11-26T16:50:03,2013-11-23T21:05:32,passed,104,[14426814],146,14426814,java,ok,,java-maven,junit,true,false,94,0,94,0,,0.68,,true
7804319,fernandezpablo85/scribe-java,true,2013-06-05T10:35:56,387,java,merge_button,master,2,a4851d8d9f6845b43d94f1ac4528ae63e3385fd8#cf6f10e3dfa9a7aedd82c5d8bb1862f498dc9717,build_found,ad55e225a668facb367956b47d7230fd4d253413,5320018,2013-06-05T12:34:35,3,a4851d8d9f6845b43d94f1ac4528ae63e3385fd8,1,a4851d8d9f6845b43d94f1ac4528ae63e3385fd8,ad55e225a668facb367956b47d7230fd4d253413,0b856b5b4ff1d61f622fb4c90e9652c37e3430e8,1,0,0,15,0,0,0,1,0,0,1,0,0,29,2795,857.602862254025,33.6314847942755,32.2003577817531,false,21.0,2013-06-05T13:47:36,2013-06-05T12:36:35,passed,213,[7804320],121,7804320,java,ok,,java-maven,junit,true,false,94,0,94,0,,0.6,,true
1174124,fernandezpablo85/scribe-java,false,,,java,,master,1,89ddd131e42ee0bdd7a414439f6887aa213427ec,build_found,1208fd815ac023f5acf2de491badbe8b68f98c40,1071910,2012-04-25T17:19:09,3,89ddd131e42ee0bdd7a414439f6887aa213427ec,1,89ddd131e42ee0bdd7a414439f6887aa213427ec,,89ddd131e42ee0bdd7a414439f6887aa213427ec,,0,,0,4,0,0,1,0,0,1,0,0,1,2316,845.854922279793,34.9740932642487,34.5423143350604,true,,2012-04-25T17:19:19,2012-04-25T17:19:42,passed,98,[1174125],8,1174125,java,unknown,,java-ant,,false,,,,,,,,0.0,true
2902597,fernandezpablo85/scribe-java,false,,,java,,master,,,merge_found,,,,3,9a99a44c5f5a7e557f0a4bfa5d64a2587947b590#b8ca4910f883dbc2759ba9ef494c591eb65e2521,2,9a99a44c5f5a7e557f0a4bfa5d64a2587947b590,,9a99a44c5f5a7e557f0a4bfa5d64a2587947b590,,0,,79,0,1,0,4,0,0,5,0,0,58,2565,843.27485380117,36.6471734892788,35.0877192982456,true,,,2012-10-23T17:28:53,passed,43,[2902598],61,2902598,java,unknown,,java-ant,,false,,,,,,,,0.0,true
14370353,fernandezpablo85/scribe-java,false,,,java,,master,2,0fe6578ad7200365116953a06001e3a1a659be2a#11dc6b1f541633a6432a41d258357f7fa483778c,merge_found,,,2013-11-22T11:10:03,3,11dc6b1f541633a6432a41d258357f7fa483778c,1,11dc6b1f541633a6432a41d258357f7fa483778c,,11dc6b1f541633a6432a41d258357f7fa483778c,,0,,0,62,1,0,0,0,0,1,0,0,1,2795,875.134168157424,33.6314847942755,32.2003577817531,true,,2013-11-22T14:31:15,2013-11-22T14:33:26,passed,119,[14370354],145,14370354,java,ok,,java-maven,junit,true,false,94,0,94,0,,0.62,,true
15967246,fernandezpablo85/scribe-java,true,2013-12-25T19:01:44,440,java,merge_button,master,2,d25432be0517fa6b058a66fb1286e1a037582494#f8021ebc222288b4c23c09569c37910f7f9aa611,build_found,94add5a8dc5e14e06f3f10108a3e33f7825d56e6,15022239,2013-12-25T20:00:10,3,d25432be0517fa6b058a66fb1286e1a037582494,1,d25432be0517fa6b058a66fb1286e1a037582494,94add5a8dc5e14e06f3f10108a3e33f7825d56e6,94b261564e22d10167fc7de84a27fa475a7bbf2c,0,0,0,2,0,0,0,1,0,0,1,0,0,9,2803,904.744916161256,35.3193007491973,33.8922582946843,false,21.0,2013-12-26T12:58:30,2013-12-25T20:02:31,passed,87,[15967247],153,15967247,java,ok,,java-maven,junit,true,false,99,0,99,0,,0.64,,true
34148637,fernandezpablo85/scribe-java,false,,,java,,master,1,3fb9fa83ccdee8f1d67332fed6d0bd79b4f827a2,build_found,60aa4bb714a291a4694fc27085017ed83b00bbc3,31953950,2014-09-02T02:19:21,3,3fb9fa83ccdee8f1d67332fed6d0bd79b4f827a2,1,3fb9fa83ccdee8f1d67332fed6d0bd79b4f827a2,,3fb9fa83ccdee8f1d67332fed6d0bd79b4f827a2,,0,,30,3,0,0,2,0,0,2,0,0,8,2805,904.45632798574,35.2941176470588,33.8680926916221,true,,2014-09-02T02:19:28,2014-09-02T02:19:55,passed,103,[34148638],239,34148638,java,ok,,java-maven,junit,true,false,99,0,99,0,,0.67,,true
22861085,fernandezpablo85/scribe-java,true,2012-09-26T23:54:25,309,java,commits_in_master,master,2,eac0ffd257f804b773cd471271f02b646e1b157f#135ad50a4e4e27e97f09e42ae50d6011c7af7a4b,build_found,7b4fe73ba2b958627d838704ee6a706abd266301,2441305,2012-09-27T01:42:12,4,eac0ffd257f804b773cd471271f02b646e1b157f,1,eac0ffd257f804b773cd471271f02b646e1b157f,c9401eb62df5d98e7c0aef04719bed98cc18cf00,45ff6ac3d83bcb7ed502af416a2aa7fce756a765,3,1,0,4,0,0,0,1,0,0,1,0,0,5,2522,857.652656621729,37.2720063441713,35.6859635210151,false,22.0,2014-04-12T22:04:21,2014-04-12T22:04:23,errored,29,[22861086],207,22861086,java,unknown,,java-ant,,false,,,,,,,,,false
46856732,fernandezpablo85/scribe-java,true,2015-01-13T13:25:50,533,java,merge_button,master,2,b48d5d68d1116bc3f43b22d381f8bf97112d5b8b#d610b291aa69502f2241371bce76a0bc08b23722,build_found,e47e494ce39f9b180352fc9b5fd73c8b3ccce7f8,37011070,2015-01-09T14:44:21,3,b48d5d68d1116bc3f43b22d381f8bf97112d5b8b,1,b48d5d68d1116bc3f43b22d381f8bf97112d5b8b,e47e494ce39f9b180352fc9b5fd73c8b3ccce7f8,109be338e793205e21117280a7e5d5490fa978fc,0,2,0,4,0,0,0,1,0,0,1,0,0,10,2805,904.45632798574,35.2941176470588,33.8680926916221,false,59.0,2015-01-14T22:06:04,2015-01-13T14:26:28,passed,107,[46856733],263,46856733,java,ok,2,java-maven,junit,true,false,99,0,99,0,,1.06,,true
14554658,fernandezpablo85/scribe-java,false,,,java,,master,3,8fb4d5d4fd23d66e1840bc9da85aec1c771e2e25#d1274eb001b310b2d6674e42c096a32475b6559a#b06efa5058fef019b493e8125dd015fe2e1e6ec5,merge_found,,,2013-11-23T20:58:02,3,b06efa5058fef019b493e8125dd015fe2e1e6ec5,1,b06efa5058fef019b493e8125dd015fe2e1e6ec5,,b06efa5058fef019b493e8125dd015fe2e1e6ec5,,0,,14,100,0,0,3,0,0,3,0,0,36,2803,904.744916161256,35.3193007491973,33.8922582946843,true,,2013-11-26T16:50:03,2013-11-26T16:52:30,passed,141,[14554659],148,14554659,java,ok,,java-maven,junit,true,false,99,0,99,0,,0.86,,true
73390750,fernandezpablo85/scribe-java,false,,,java,,master,2,9984446d07043d1e221d198bf44f7a30220bce4d#36c5d828dfde9e7c34808cb8c71e3e5199535985,merge_found,,,2015-07-30T10:45:25,4,36c5d828dfde9e7c34808cb8c71e3e5199535985,1,36c5d828dfde9e7c34808cb8c71e3e5199535985,,36c5d828dfde9e7c34808cb8c71e3e5199535985,,0,,17,10,0,0,2,0,0,2,0,0,7,2794,912.312097351467,35.7909806728704,36.8647100930566,true,,2015-07-30T14:46:26,2015-07-30T14:47:24,passed,104,[73390760],285,73390760,java,ok,3,java-maven,junit,true,false,100,0,100,0,,0.99,,true
2434504,fernandezpablo85/scribe-java,false,,,java,,master,2,417d2e782f079459f1486ef23cac433e6ff4c8c3#517d3f6b21093d74eb5273488673efeacd5b6b69,merge_found,,,2012-09-06T08:04:19,3,517d3f6b21093d74eb5273488673efeacd5b6b69,1,517d3f6b21093d74eb5273488673efeacd5b6b69,,517d3f6b21093d74eb5273488673efeacd5b6b69,,0,,42,0,1,0,1,0,0,2,0,0,4,2491,868.325973504617,37.7358490566038,36.1300682456845,true,,2012-09-13T13:47:59,2012-09-13T13:49:48,passed,34,[2434505],46,2434505,java,unknown,,java-ant,,false,,,,,,,,0.0,true
25614674,fernandezpablo85/scribe-java,false,,,java,,master,1,ed359d36f2d49c412c929ce1fbca824f26c07b34,build_found,135ad50a4e4e27e97f09e42ae50d6011c7af7a4b,22861096,2014-05-20T15:44:13,4,ed359d36f2d49c412c929ce1fbca824f26c07b34,1,ed359d36f2d49c412c929ce1fbca824f26c07b34,,ed359d36f2d49c412c929ce1fbca824f26c07b34,,0,,0,0,0,0,1,0,0,0,0,1,36,2805,904.09982174688,35.2941176470588,33.8680926916221,true,,2014-05-20T15:45:54,2014-05-20T15:48:00,passed,118,[25614675],216,25614675,java,ok,,java-maven,junit,true,false,99,0,99,0,,0.82,,true
31953950,fernandezpablo85/scribe-java,false,,,java,,master,1,60aa4bb714a291a4694fc27085017ed83b00bbc3,build_found,e83fa1c3da06ca85468b69a7d7d13b0077f8079f,29651054,2014-08-07T20:51:32,4,60aa4bb714a291a4694fc27085017ed83b00bbc3,1,60aa4bb714a291a4694fc27085017ed83b00bbc3,,60aa4bb714a291a4694fc27085017ed83b00bbc3,,0,,0,1,0,0,1,0,0,1,0,0,14,2805,904.09982174688,35.2941176470588,33.8680926916221,true,,2014-08-07T20:52:43,2014-08-07T20:55:00,passed,86,[31953951],230,31953951,java,ok,,java-maven,junit,true,false,99,0,99,0,,0.69,,true
16555700,fernandezpablo85/scribe-java,false,,,java,,master,2,b1878c44375761e77ca3720f35480f8188dc988d#77add59a4a661fa8e9c787c07b4e1ed76b6b3270,merge_found,,,2014-01-07T21:49:43,3,77add59a4a661fa8e9c787c07b4e1ed76b6b3270,1,77add59a4a661fa8e9c787c07b4e1ed76b6b3270,,77add59a4a661fa8e9c787c07b4e1ed76b6b3270,,0,,0,0,0,0,1,0,0,0,0,0,34,2803,904.744916161256,35.3193007491973,33.8922582946843,true,,2014-01-07T22:23:21,2014-01-07T22:31:45,passed,145,[16555701],157,16555701,java,ok,,java-maven,junit,true,false,99,0,99,0,,0.95,,true
16692477,fernandezpablo85/scribe-java,false,,,java,,master,2,71022007663ce4480c1e7ec79d762330d4e4207c#c775d45608da117c5bd3732cb331fc38fccf484f,merge_found,,,2014-01-09T19:24:13,3,c775d45608da117c5bd3732cb331fc38fccf484f,1,c775d45608da117c5bd3732cb331fc38fccf484f,,c775d45608da117c5bd3732cb331fc38fccf484f,,0,,8,0,0,0,1,0,0,1,0,0,18,2807,903.455646597791,35.2689704310652,33.8439615247595,true,,2014-01-10T00:31:28,2014-01-10T00:43:42,passed,134,[16692478],159,16692478,java,ok,,java-maven,junit,true,false,99,0,99,0,,0.91,,true
1204869,fernandezpablo85/scribe-java,false,,,java,,master,2,8c8bcfcafd4b37183b2f135a6c2eb7e73be1a40b#ebe4b0e7db3c74761b558ca283a1e4ec6f70b436,merge_found,,,2012-04-29T07:34:55,3,ebe4b0e7db3c74761b558ca283a1e4ec6f70b436,1,ebe4b0e7db3c74761b558ca283a1e4ec6f70b436,,ebe4b0e7db3c74761b558ca283a1e4ec6f70b436,,0,,6,0,0,0,1,0,0,1,0,0,2,2322,849.698535745047,37.4677002583979,34.4530577088717,true,,2012-04-29T19:06:28,2012-04-29T19:07:00,passed,134,[1204870],11,1204870,java,unknown,,java-ant,,false,,,,,,,,0.0,true
2148341,fernandezpablo85/scribe-java,false,,,java,,master,,,build_found,97fa26fce79f98d467edc1997b1a49df162bdb19,1683303,,3,979c6579ab662a9a88a0906a701e783e62251914,1,979c6579ab662a9a88a0906a701e783e62251914,,979c6579ab662a9a88a0906a701e783e62251914,,0,,47,66,2,0,0,0,1,2,0,0,0,2400,886.666666666667,37.5,35.0,true,,,2012-08-17T03:42:40,passed,34,[2148342],23,2148342,java,unknown,,java-ant,,false,,,,,,,,0.0,true
16554024,fernandezpablo85/scribe-java,true,2014-01-07T20:54:11,442,java,merge_button,master,2,b1878c44375761e77ca3720f35480f8188dc988d#77add59a4a661fa8e9c787c07b4e1ed76b6b3270,build_found,f8021ebc222288b4c23c09569c37910f7f9aa611,15989036,2014-01-07T21:49:43,3,b1878c44375761e77ca3720f35480f8188dc988d,1,b1878c44375761e77ca3720f35480f8188dc988d,f8021ebc222288b4c23c09569c37910f7f9aa611,1bf694190e431ab71691e67b030a70a2bde37d95,0,0,0,0,0,0,0,1,0,0,0,0,0,33,2803,904.744916161256,35.3193007491973,33.8922582946843,false,7.0,2014-01-07T22:23:21,2014-01-07T22:01:10,passed,153,[16554025],156,16554025,java,ok,,java-maven,junit,true,false,99,0,99,0,,0.7,,true
2733420,fernandezpablo85/scribe-java,false,,,java,,master,1,09d85d6713af6c97ae7d4450f88ceac20c60e2fd,build_found,7b4fe73ba2b958627d838704ee6a706abd266301,2441305,2012-10-10T11:31:23,3,09d85d6713af6c97ae7d4450f88ceac20c60e2fd,1,09d85d6713af6c97ae7d4450f88ceac20c60e2fd,,09d85d6713af6c97ae7d4450f88ceac20c60e2fd,,0,,17,0,0,0,1,0,0,1,0,0,14,2533,853.928148440584,37.1101460718516,35.5309909198579,true,,2012-10-10T11:32:11,2012-10-10T11:32:09,passed,38,[2733421],56,2733421,java,unknown,,java-ant,,false,,,,,,,,0.0,true
2191562,fernandezpablo85/scribe-java,false,,,java,,master,1,57409b50ac3cdd6a0f71421d4d29fd4a78ec3031,build_found,979c6579ab662a9a88a0906a701e783e62251914,2148341,2012-08-20T21:24:45,3,57409b50ac3cdd6a0f71421d4d29fd4a78ec3031,1,57409b50ac3cdd6a0f71421d4d29fd4a78ec3031,,57409b50ac3cdd6a0f71421d4d29fd4a78ec3031,,0,,34,44,1,0,1,0,4,2,0,0,5,2416,895.281456953642,38.9072847682119,37.2516556291391,true,,2012-08-21T17:43:21,2012-08-21T17:44:03,passed,32,[2191563],26,2191563,java,unknown,,java-ant,,false,,,,,,,,0.0,true
2325580,fernandezpablo85/scribe-java,true,2012-08-17T01:24:11,290,java,merge_button,master,,,merge_found,,,,3,5a88fa3b07a316f34de47ac7ed48b72fb6b619bc#b777162322a6c6cda7baf24ba136bef57e07b3e5#6e6fd53306824462bfb42fa7b10690570a8e7c1c#a121c3aa47a5d158f33aebba110e1d81a24ca8f3#89d8db5b6dba57c1ccb61c21e7253dd8dc68b56c#74da34f512193f49370141a28b3f146728e16277#740a32f1ef94d723cd4db337e9790ebf88345bc0#762e1004f83f71c9579f9bfa4d036649b27475be#f77391eca491bc10edbb1bdd841c1a9dbf6f6c7b#6cfdf973f8918e5e8d8874d57358dc6237efc2f0#aa5e27b263b24efb5a4ee50b9d1cf22ee4f2ebee#b5f75628bb9164dad5090aa419ec6df733e28146#0a63f935d231eb50ba9db52c0735fbcb96e7589c#61c0b4cc9f503f2774a7cf7ac31c4cd04edb2d2b#3f366589eae65052a8f911d55cfc5a822813541b#83b62f607993074867c0cffec6cdc0253f921628#b380b3af3db142991df87e7b36d84d3f9041b07c#ce531cdc38b280abcc9b93930a228cbbc034d952#56561acdac3923ed8b445752c1c231965250fad6#05988a63cd03275468eb4dba39bbe18cb14d8d40#611c6464f27f562e9dba48a793abd2713762ea07#7fba153218f46cdbffb9d2fc8ca79596e5be4366#9070edd20ac298804569f153654a8459f78fb2c5#78fd342d92d525929e4dfde3abd9bda13fcca36c#7510111d28b64bb90a6dab5c57bfcb99e04eed24#852368e0a7cde9c88bca18c69d9ebe08f1f663d5#dbf00c9227b0d9988381c84d543c58be672ac6d7#ce139bb28b88c68413550e8d5e3f9fe7106d6a04,28,5a88fa3b07a316f34de47ac7ed48b72fb6b619bc,57409b50ac3cdd6a0f71421d4d29fd4a78ec3031,cc92604088c4cd73f4aa4dbb999004f75e7ad8a5,13,0,1,1156,575,14,5,31,0,0,38,0,1,126,2094,754.536771728749,38.6819484240688,38.2043935052531,false,20.0,,2012-09-04T01:09:41,passed,31,[2325581],33,2325581,java,unknown,,java-ant,,false,,,,,,,,0.0,true
3136796,fernandezpablo85/scribe-java,false,,,java,,master,,,merge_found,,,,3,c1b3561c5d4421ff7dfc2a9df2bfb15262b66369,1,c1b3561c5d4421ff7dfc2a9df2bfb15262b66369,,c1b3561c5d4421ff7dfc2a9df2bfb15262b66369,,0,,0,0,0,0,1,0,0,0,0,0,27,2565,843.27485380117,36.6471734892788,35.0877192982456,true,,,2012-11-10T01:17:53,passed,35,[3136797],64,3136797,java,unknown,,java-ant,,false,,,,,,,,0.0,true
37011070,fernandezpablo85/scribe-java,false,,,java,,master,2,b1813fdd186fa8581e9a89653cfeba495ed0569c#e47e494ce39f9b180352fc9b5fd73c8b3ccce7f8,merge_found,,,2014-10-03T21:46:53,3,e47e494ce39f9b180352fc9b5fd73c8b3ccce7f8,1,e47e494ce39f9b180352fc9b5fd73c8b3ccce7f8,,e47e494ce39f9b180352fc9b5fd73c8b3ccce7f8,,0,,3,0,0,0,3,0,0,1,0,2,46,2805,904.45632798574,35.2941176470588,33.8680926916221,true,,2014-10-03T22:12:58,2014-10-03T22:14:28,passed,121,[37011071],249,37011071,java,ok,3,java-maven,junit,true,false,99,0,99,0,,1.21,,true
17235493,fernandezpablo85/scribe-java,false,,,java,,master,1,f46114f0fc0e1d1aa137f62b8493ed68afb56383,build_found,371136152befbbd1904b6310644a9f6150f8bffc,17061358,2014-01-19T19:47:56,4,f46114f0fc0e1d1aa137f62b8493ed68afb56383,1,f46114f0fc0e1d1aa137f62b8493ed68afb56383,,f46114f0fc0e1d1aa137f62b8493ed68afb56383,,0,,0,0,0,0,1,0,0,0,0,1,34,2822,898.653437278526,35.0815024805103,33.6640680368533,true,,2014-01-19T19:48:21,2014-01-19T19:49:52,passed,110,[17235494],166,17235494,java,ok,,java-maven,junit,true,false,99,0,99,0,,0.7,,true
2900243,fernandezpablo85/scribe-java,true,2012-10-23T11:42:31,319,java,merge_button,master,,,build_found,eebc00f7e21ba190fa9c6f064f6d351b8b4a9cc5,2733448,,3,b129a2c04f3f36a378dc851b14cafad7dea8c245,1,b129a2c04f3f36a378dc851b14cafad7dea8c245,eebc00f7e21ba190fa9c6f064f6d351b8b4a9cc5,d2ce29f0b20655d1990b7dadc229ba35175c7688,0,0,0,2,0,0,0,2,0,0,2,0,0,16,2531,854.602923745555,37.1394705649941,35.5590675622284,true,28.0,,2012-10-23T13:42:37,passed,38,[2900244],59,2900244,java,unknown,,java-ant,,false,,,,,,,,0.0,true
25955345,fernandezpablo85/scribe-java,false,,,java,,master,1,f5edc0718da0abb83b26c8cf6797090e64fc8114,build_found,ed359d36f2d49c412c929ce1fbca824f26c07b34,25614676,2014-05-24T19:24:53,4,f5edc0718da0abb83b26c8cf6797090e64fc8114,1,f5edc0718da0abb83b26c8cf6797090e64fc8114,,f5edc0718da0abb83b26c8cf6797090e64fc8114,,0,,0,0,0,0,1,0,0,0,0,1,3,2805,904.09982174688,35.2941176470588,33.8680926916221,true,,2014-05-24T19:25:26,2014-05-24T19:26:07,passed,97,[25955346],221,25955346,java,ok,,java-maven,junit,true,false,99,0,99,0,,0.68,,true
15256783,fernandezpablo85/scribe-java,true,2013-12-10T13:13:53,437,java,merge_button,master,2,f000558883403da839df73b33796825a3c626c48#371136152befbbd1904b6310644a9f6150f8bffc,build_found,94add5a8dc5e14e06f3f10108a3e33f7825d56e6,15022239,2013-12-10T13:46:39,3,f000558883403da839df73b33796825a3c626c48,1,f000558883403da839df73b33796825a3c626c48,94add5a8dc5e14e06f3f10108a3e33f7825d56e6,fbb1454976f93b6b7f6324b8ab143a269b57efea,2,0,0,21,0,0,0,3,0,0,3,0,0,14,2818,899.929027679205,35.1312987934705,33.7118523775727,true,63.0,2014-01-16T13:47:01,2013-12-10T23:41:20,passed,125,[15256784],151,15256784,java,ok,,java-maven,junit,true,false,99,0,99,0,,0.91,,true
4767824,fernandezpablo85/scribe-java,false,,,java,,master,1,69eee25cacb270abe78ce1771694df5a68538c78,build_found,0cb3301b8e07a54c7ff8bdd99961de421e6a49f2,4755569,2013-02-13T12:37:38,3,69eee25cacb270abe78ce1771694df5a68538c78,1,69eee25cacb270abe78ce1771694df5a68538c78,,69eee25cacb270abe78ce1771694df5a68538c78,,0,,2,0,0,0,1,0,0,1,0,0,8,2666,881.470367591898,35.2588147036759,33.7584396099025,true,,2013-02-13T12:37:51,2013-02-13T18:22:53,passed,101,[4767825],91,4767825,java,unknown,,java-ant,,false,,,,,,,,0.0,true
1201099,fernandezpablo85/scribe-java,false,,,java,,master,1,8ceebf2deddde5122ab8d4c7d95ced294b34c16c,build_found,3f4189607c46a03b95ac2fe055d5605b0015b73d,1193180,2012-04-28T19:57:45,3,8ceebf2deddde5122ab8d4c7d95ced294b34c16c,1,8ceebf2deddde5122ab8d4c7d95ced294b34c16c,,8ceebf2deddde5122ab8d4c7d95ced294b34c16c,,0,,25,0,1,0,2,0,0,3,0,0,26,2322,849.698535745047,37.4677002583979,34.4530577088717,true,,2012-04-29T04:03:26,2012-04-29T04:03:58,passed,98,[1201100],10,1201100,java,unknown,,java-ant,,false,,,,,,,,0.0,true
2439342,fernandezpablo85/scribe-java,true,2012-09-11T09:40:26,301,java,merge_button,master,5,295d32ce5371920bcd13955bc8a2900b4fd2bbdc#3d2a3475d9bd94517695ea30ba7c416d50a1bf27#d4474cd6034a5653cfb7887d5d949dab20c98876#ca470f87a9c8c61c78aa020289a594be87394f74#7b4fe73ba2b958627d838704ee6a706abd266301,build_found,bf4f0db34ab5524c53abb5708ef0c0fa8520ceb3,2369283,2012-09-11T11:26:33,3,ca470f87a9c8c61c78aa020289a594be87394f74#d4474cd6034a5653cfb7887d5d949dab20c98876#3d2a3475d9bd94517695ea30ba7c416d50a1bf27#295d32ce5371920bcd13955bc8a2900b4fd2bbdc,4,ca470f87a9c8c61c78aa020289a594be87394f74,422fb2b299f28ac32de66f3cf129f6fce79578c8,28d3cc8828bb39b6c2bfa963c2beeb29c9ea12a1,4,0,0,69,0,1,0,1,0,0,1,0,0,0,2495,866.933867735471,37.6753507014028,36.0721442885772,false,3.0,2012-09-13T21:25:48,2012-09-13T19:08:57,passed,28,[2439343],49,2439343,java,unknown,,java-ant,,false,,,,,,,,0.0,true
53784928,fernandezpablo85/scribe-java,true,2015-03-10T10:09:10,543,java,commits_in_master,master,2,6135a0bd0f51bc247f8e0465ee9bcd4ce35a16f8#a041f626bf959da1da0d5a95eeba37da12c92487,build_found,a7235c84f4c09a5952aa382944897533b20f3ce6,50366263,2015-03-10T11:07:55,3,6135a0bd0f51bc247f8e0465ee9bcd4ce35a16f8,1,6135a0bd0f51bc247f8e0465ee9bcd4ce35a16f8,a7235c84f4c09a5952aa382944897533b20f3ce6,740c199ca94d84d304c32698c06ab9b85374f1a3,0,0,0,2,10,0,0,3,0,0,2,0,1,45,2778,914.326853851692,35.6371490280778,35.6371490280778,true,25.0,2015-03-30T13:21:38,2015-03-10T11:10:42,passed,98,[53784929],272,53784929,java,ok,3,java-maven,junit,true,false,99,0,99,0,,0.97,,true
21139300,fernandezpablo85/scribe-java,false,,,java,,master,1,271b1d66c1ee21695968cbed90be200135def808,build_found,76d6810e85fd62f8561c1b95c85edfad2c241afe,21020752,2014-03-19T23:25:39,4,271b1d66c1ee21695968cbed90be200135def808,1,271b1d66c1ee21695968cbed90be200135def808,,271b1d66c1ee21695968cbed90be200135def808,,1,,0,2,0,0,1,0,0,1,0,0,11,2808,903.133903133903,35.2564102564103,33.8319088319088,true,,2014-03-19T23:25:40,2014-03-19T23:32:29,passed,121,[21139301],201,21139301,java,ok,,java-maven,junit,true,false,99,0,99,0,,0.85,,true
50366263,fernandezpablo85/scribe-java,false,,,java,,master,1,a7235c84f4c09a5952aa382944897533b20f3ce6,build_found,d610b291aa69502f2241371bce76a0bc08b23722,47048148,2015-02-11T16:11:50,3,a7235c84f4c09a5952aa382944897533b20f3ce6,1,a7235c84f4c09a5952aa382944897533b20f3ce6,,a7235c84f4c09a5952aa382944897533b20f3ce6,,0,,33,0,0,1,0,0,0,1,0,0,6,2778,913.24694024478,35.6371490280778,34.1972642188625,true,,2015-02-11T16:11:55,2015-02-11T16:16:39,passed,182,[50366264],267,50366264,java,ok,35,java-maven,junit,true,false,99,0,99,0,,1.16,,true
10540914,fernandezpablo85/scribe-java,true,2013-08-23T13:21:26,415,java,merge_button,master,2,f661af08c016f710329040c677710b0a96385ed3#7fca6d5c188e2a5102da4a162167697f241ab2c0,build_found,cafa2fd69f70bfbf81324c83528b196ca7c14998,8347534,2013-08-23T15:20:19,3,f661af08c016f710329040c677710b0a96385ed3,1,f661af08c016f710329040c677710b0a96385ed3,cafa2fd69f70bfbf81324c83528b196ca7c14998,4fe4c68f20ce9fd6de389bd7a784f5686d38d69b,0,2,0,0,3,0,0,1,0,0,1,0,0,6,2795,857.602862254025,33.6314847942755,32.2003577817531,true,23.0,2013-08-23T16:32:55,2013-08-23T15:26:29,passed,210,[10540915],138,10540915,java,ok,,java-maven,junit,true,false,94,0,94,0,,0.84,,true
8289850,fernandezpablo85/scribe-java,false,,,java,,master,1,53fd69aa9e855de9f7061fbfdb039268632051e7,build_found,cf6f10e3dfa9a7aedd82c5d8bb1862f498dc9717,7806217,2013-06-20T20:42:48,3,53fd69aa9e855de9f7061fbfdb039268632051e7,1,53fd69aa9e855de9f7061fbfdb039268632051e7,,53fd69aa9e855de9f7061fbfdb039268632051e7,,0,,0,0,0,0,1,0,0,0,0,0,31,2795,857.602862254025,33.6314847942755,32.2003577817531,true,,2013-06-20T20:42:50,2013-06-20T20:44:16,passed,130,[8289851],130,8289851,java,ok,,java-maven,junit,true,false,94,0,94,0,,0.87,,true
860563,fernandezpablo85/scribe-java,false,,,java,,master,,,merge_found,,,,3,60872fe55f6f2a5fc26f19133fd82907794bbfbe#84dd4660e24b4bec7c70998fccee75c542a8184c#d746a013eadab4aced3b756344576eb2c9b671bd#7b45840df3e26a4a83c03b855e70ca5c97f6d03c,4,60872fe55f6f2a5fc26f19133fd82907794bbfbe,,60872fe55f6f2a5fc26f19133fd82907794bbfbe,,0,,32,58,3,0,2,0,0,2,0,1,38,2244,829.322638146168,36.096256684492,35.650623885918,true,,,2012-03-14T01:59:13,failed,1815,[860564],1,860564,java,unknown,,java-ant,,false,,,,,,,,,false
915522,fernandezpablo85/scribe-java,false,,,java,,master,1,f4c36ab27abe3dde4649bfd935aab04b25078d9b,build_found,60872fe55f6f2a5fc26f19133fd82907794bbfbe,860563,2012-03-21T17:28:53,3,f4c36ab27abe3dde4649bfd935aab04b25078d9b,1,f4c36ab27abe3dde4649bfd935aab04b25078d9b,,f4c36ab27abe3dde4649bfd935aab04b25078d9b,,0,,2,0,0,0,1,0,0,1,0,0,9,2245,828.953229398664,36.0801781737194,35.6347438752784,true,,2012-03-21T17:29:26,2012-03-21T17:30:47,failed,1815,[915523],2,915523,java,unknown,,java-ant,,false,,,,,,,,,false
3335777,fernandezpablo85/scribe-java,false,,,java,,master,,,merge_found,,,,3,0ed1989b73dd0996e5644b89a1856608991b9134,1,0ed1989b73dd0996e5644b89a1856608991b9134,,0ed1989b73dd0996e5644b89a1856608991b9134,,0,,27,60,2,0,0,0,0,2,0,0,1,2586,854.601701469451,36.3495746326373,34.8027842227378,true,,,2012-11-24T05:00:25,passed,32,[3335778],71,3335778,java,unknown,,java-ant,,false,,,,,,,,0.0,true
4932696,fernandezpablo85/scribe-java,false,,,java,,master,1,b3d83739980aa214bd93ed6c1a6a7ce4a4ce4077,build_found,045914d2c0b1a049509fd9ddcdc77efff075985a,4792993,2013-02-20T15:56:03,3,b3d83739980aa214bd93ed6c1a6a7ce4a4ce4077,1,b3d83739980aa214bd93ed6c1a6a7ce4a4ce4077,,b3d83739980aa214bd93ed6c1a6a7ce4a4ce4077,,2,,22,5,0,0,4,0,0,3,0,1,34,2679,877.19298245614,35.0877192982456,33.5946248600224,true,,2013-02-20T15:56:19,2013-02-20T16:00:16,passed,223,[4932697],94,4932697,java,ok,,java-maven,junit,true,false,94,0,94,0,,0.69,,true
14362669,fernandezpablo85/scribe-java,true,2013-11-22T10:15:14,430,java,merge_button,master,2,0fe6578ad7200365116953a06001e3a1a659be2a#11dc6b1f541633a6432a41d258357f7fa483778c,build_found,7fca6d5c188e2a5102da4a162167697f241ab2c0,10543705,2013-11-22T11:10:03,3,0fe6578ad7200365116953a06001e3a1a659be2a,1,0fe6578ad7200365116953a06001e3a1a659be2a,7fca6d5c188e2a5102da4a162167697f241ab2c0,e3479cd6a61a77ec61a2d4919558df704fbafc24,0,0,0,0,62,1,0,0,0,0,1,0,0,0,2795,875.134168157424,33.6314847942755,32.2003577817531,false,2.0,2013-11-22T14:31:15,2013-11-22T11:16:08,passed,123,[14362670],144,14362670,java,ok,,java-maven,junit,true,false,94,0,94,0,,0.74,,true
67032362,fernandezpablo85/scribe-java,false,,,java,,master,1,02dfe8563f94181271cce94c22c3adaeda23b1ff,build_found,a041f626bf959da1da0d5a95eeba37da12c92487,56411531,2015-06-16T13:51:55,4,02dfe8563f94181271cce94c22c3adaeda23b1ff,1,02dfe8563f94181271cce94c22c3adaeda23b1ff,,02dfe8563f94181271cce94c22c3adaeda23b1ff,,0,,2,0,0,0,1,0,0,1,0,0,4,2778,914.326853851692,35.6371490280778,35.6371490280778,true,,2015-06-16T13:51:59,2015-06-16T13:55:04,passed,128,[67032363],281,67032363,java,ok,5,java-maven,junit,true,false,99,0,99,0,,1.59,,true
17729650,fernandezpablo85/scribe-java,false,,,java,,master,,,merge_found,,,,4,3ac699766a19ebc17d08990a46d7833af407f678,1,3ac699766a19ebc17d08990a46d7833af407f678,,3ac699766a19ebc17d08990a46d7833af407f678,,0,,2,0,0,0,1,0,0,1,0,0,11,2822,898.653437278526,35.0815024805103,33.6640680368533,true,,,2014-01-27T22:16:53,passed,133,[17729651],180,17729651,java,ok,,java-maven,junit,true,false,99,0,99,0,,0.8,,true
985750,fernandezpablo85/scribe-java,false,,,java,,master,1,675216792546e7a636ee6186be82fbccab474873,build_found,b83113a0256d0eaf0341f0534a77ccfb17ea6ebc,985721,2012-03-30T23:42:02,3,675216792546e7a636ee6186be82fbccab474873,1,675216792546e7a636ee6186be82fbccab474873,,675216792546e7a636ee6186be82fbccab474873,,0,,0,0,0,0,1,0,0,0,0,0,23,2266,841.129744042365,35.7458075904678,35.3045013239188,true,,2012-03-30T23:42:15,2012-03-30T23:44:02,passed,116,[985751],5,985751,java,unknown,,java-ant,,false,,,,,,,,0.0,true
2345300,fernandezpablo85/scribe-java,false,,,java,,master,1,a736912614301b595f9f1b88fde5880176a4d7ba,build_found,f8448ee6f085ef5bc1bf7b3f84de122a91852ba9,2325648,2012-09-05T14:43:07,3,a736912614301b595f9f1b88fde5880176a4d7ba,1,a736912614301b595f9f1b88fde5880176a4d7ba,,a736912614301b595f9f1b88fde5880176a4d7ba,,0,,0,0,0,0,2,0,0,0,0,1,59,2464,877.840909090909,38.1493506493507,36.525974025974,true,,2012-09-05T14:47:31,2012-09-05T14:44:11,passed,31,[2345301],35,2345301,java,unknown,,java-ant,,false,,,,,,,,0.0,true
3134537,fernandezpablo85/scribe-java,true,2012-11-09T20:34:57,322,java,merge_button,master,,,build_found,9a99a44c5f5a7e557f0a4bfa5d64a2587947b590,2902597,,3,1e39668c935540c533168da41bae4cf14f323fe5,1,1e39668c935540c533168da41bae4cf14f323fe5,9a99a44c5f5a7e557f0a4bfa5d64a2587947b590,26b7a1f924247d91f51ca9b8551563251e36eaa7,0,0,0,0,0,0,0,1,0,0,0,0,0,26,2565,843.27485380117,36.6471734892788,35.0877192982456,false,9.0,,2012-11-09T21:36:37,passed,33,[3134538],63,3134538,java,unknown,,java-ant,,false,,,,,,,,0.0,true
3644088,fernandezpablo85/scribe-java,true,2012-12-13T10:03:56,336,java,merge_button,master,2,7b4ebc3a728ef9614c2f2946d21664130c32a8df#45cc91b50f3f13a50a15f69a261a6dfed4136f25,build_found,78f57fb2203b9547034cde6f7d0bd5bd67a19d5c,3373007,2012-12-13T10:59:42,3,7b4ebc3a728ef9614c2f2946d21664130c32a8df,1,7b4ebc3a728ef9614c2f2946d21664130c32a8df,78f57fb2203b9547034cde6f7d0bd5bd67a19d5c,824804831ef69c0c0358cc634787fda38b7a8e95,0,0,0,27,59,2,0,0,0,0,2,0,0,0,2607,864.978902953586,36.0567702339854,34.5224395857307,true,43.0,2012-12-16T02:01:50,2012-12-13T11:07:05,passed,39,[3644089],76,3644089,java,unknown,,java-ant,,false,,,,,,,,0.0,true
3818229,fernandezpablo85/scribe-java,false,,,java,,master,1,479bfe6a425bd4b66f018417c247d52cc91216b8,build_found,877bcb7fa23edf30b755b2ce43821fb1c047ce5a,3684842,2012-12-25T18:52:15,3,479bfe6a425bd4b66f018417c247d52cc91216b8,1,479bfe6a425bd4b66f018417c247d52cc91216b8,,479bfe6a425bd4b66f018417c247d52cc91216b8,,0,,0,0,0,0,1,0,0,0,0,0,29,2607,864.978902953586,36.0567702339854,34.5224395857307,true,,2012-12-25T18:52:20,2012-12-25T18:52:20,passed,35,[3818230],82,3818230,java,unknown,,java-ant,,false,,,,,,,,0.0,true
22250297,fernandezpablo85/scribe-java,true,2014-04-04T06:07:33,477,java,commits_in_master,master,3,32c37cde6903f632d592bca0e279cf59e5f8fa6f#bb6435dda17cad428ca03518c111f8b79550e72c#304cb6a0c16b4c24e422b0bba2a053af60d9dadc,build_found,271b1d66c1ee21695968cbed90be200135def808,21139300,2014-04-04T07:51:53,4,bb6435dda17cad428ca03518c111f8b79550e72c#32c37cde6903f632d592bca0e279cf59e5f8fa6f,2,bb6435dda17cad428ca03518c111f8b79550e72c,271b1d66c1ee21695968cbed90be200135def808,394816411ed9328bafd2e7691d35258657303292,0,0,0,152,0,0,0,1,0,0,1,0,0,9,2805,904.09982174688,35.2941176470588,33.8680926916221,false,15.0,2014-04-04T14:40:11,2014-04-04T08:08:15,passed,119,[22250298],203,22250298,java,ok,,java-maven,junit,true,false,99,0,99,0,,0.93,,true
17776314,fernandezpablo85/scribe-java,false,,,java,,master,,,merge_found,,,,4,26792c063045e9557e79c9e84c3709f5ada22395,1,26792c063045e9557e79c9e84c3709f5ada22395,,26792c063045e9557e79c9e84c3709f5ada22395,,0,,0,2,0,0,1,0,0,1,0,0,10,2808,903.133903133903,35.2564102564103,33.8319088319088,true,,,2014-01-28T16:20:39,passed,117,[17776315],184,17776315,java,ok,,java-maven,junit,true,false,99,0,99,0,,0.84,,true
2369283,fernandezpablo85/scribe-java,false,,,java,,master,2,b058b68a36832e665dc10e304a23579be943648d#bf4f0db34ab5524c53abb5708ef0c0fa8520ceb3,merge_found,,,2012-09-06T12:58:03,3,bf4f0db34ab5524c53abb5708ef0c0fa8520ceb3,1,bf4f0db34ab5524c53abb5708ef0c0fa8520ceb3,,bf4f0db34ab5524c53abb5708ef0c0fa8520ceb3,,0,,2,0,0,0,1,0,0,1,0,0,2,2464,877.840909090909,38.1493506493507,36.525974025974,true,,2012-09-07T14:30:02,2012-09-07T14:31:34,passed,32,[2369284],43,2369284,java,unknown,,java-ant,,false,,,,,,,,0.0,true
21020752,fernandezpablo85/scribe-java,false,,,java,,master,1,76d6810e85fd62f8561c1b95c85edfad2c241afe,build_found,26792c063045e9557e79c9e84c3709f5ada22395,17776314,2014-03-17T18:57:56,4,76d6810e85fd62f8561c1b95c85edfad2c241afe,1,76d6810e85fd62f8561c1b95c85edfad2c241afe,,76d6810e85fd62f8561c1b95c85edfad2c241afe,,0,,2,0,0,0,2,0,0,1,0,1,37,2808,903.133903133903,35.2564102564103,33.8319088319088,true,,2014-03-18T14:40:25,2014-03-18T14:45:05,passed,118,[21020753],200,21020753,java,ok,,java-maven,junit,true,false,99,0,99,0,,0.74,,true
3373007,fernandezpablo85/scribe-java,false,,,java,,master,,,merge_found,,,,3,78f57fb2203b9547034cde6f7d0bd5bd67a19d5c,1,78f57fb2203b9547034cde6f7d0bd5bd67a19d5c,,78f57fb2203b9547034cde6f7d0bd5bd67a19d5c,,0,,2,0,0,0,1,0,0,1,0,0,3,2586,854.601701469451,36.3495746326373,34.8027842227378,true,,,2012-11-26T23:37:51,passed,35,[3373008],72,3373008,java,unknown,,java-ant,,false,,,,,,,,0.0,true
4990177,fernandezpablo85/scribe-java,false,,,java,,master,2,6eb9208064630014ca2a99cfb30d89a06661ed89#c9401eb62df5d98e7c0aef04719bed98cc18cf00,merge_found,,,2013-02-22T16:04:35,3,c9401eb62df5d98e7c0aef04719bed98cc18cf00,1,c9401eb62df5d98e7c0aef04719bed98cc18cf00,,c9401eb62df5d98e7c0aef04719bed98cc18cf00,,0,,28,65,2,0,0,0,0,2,0,0,1,2702,887.120651369356,34.7890451517395,33.3086602516654,true,,2013-02-22T20:53:46,2013-02-22T23:07:09,passed,247,[4990178],97,4990178,java,ok,,java-maven,junit,true,false,94,0,94,0,,0.68,,true
22248392,fernandezpablo85/scribe-java,true,2014-04-04T05:32:08,476,java,commits_in_master,master,2,9bcb7a478c73832725e35fe8d5f354dbae9381e0#5b7f44e772fc77d1e1d22cdd79c2f366e9cfb1bf,build_found,271b1d66c1ee21695968cbed90be200135def808,21139300,2014-04-04T07:30:20,4,9bcb7a478c73832725e35fe8d5f354dbae9381e0,1,9bcb7a478c73832725e35fe8d5f354dbae9381e0,271b1d66c1ee21695968cbed90be200135def808,760397b7d7ac9a1eb1f854e73f80871230ee334d,0,0,0,25,0,0,0,12,0,0,12,0,0,38,2808,903.133903133903,35.2564102564103,33.8319088319088,false,3.0,2014-04-04T14:39:36,2014-04-04T07:32:47,passed,98,[22248393],202,22248393,java,ok,,java-maven,junit,true,false,99,0,99,0,,0.69,,true
16965987,fernandezpablo85/scribe-java,false,,,java,,master,1,65ae79d2702ccb192161db8fc6d1edaa5df07be8,build_found,c775d45608da117c5bd3732cb331fc38fccf484f,16692477,2014-01-14T23:27:55,3,65ae79d2702ccb192161db8fc6d1edaa5df07be8,1,65ae79d2702ccb192161db8fc6d1edaa5df07be8,,65ae79d2702ccb192161db8fc6d1edaa5df07be8,,0,,2,0,0,0,1,0,0,1,0,0,3,2807,903.455646597791,35.2689704310652,33.8439615247595,true,,2014-01-14T23:27:56,2014-01-14T23:38:26,passed,117,[16965988],160,16965988,java,ok,,java-maven,junit,true,false,99,0,99,0,,0.78,,true
35976161,fernandezpablo85/scribe-java,true,2014-09-22T18:06:57,514,java,merge_button,master,3,a01963ec7c4f5bb40f998107df52b662a0610400#99ae2c34b822db588e19810a22da2ce74e3144b0#648f8e359a20c6538c71c8b4925c324aadf44fcd,build_found,60aa4bb714a291a4694fc27085017ed83b00bbc3,31953950,2014-09-22T20:05:21,3,a01963ec7c4f5bb40f998107df52b662a0610400,1,a01963ec7c4f5bb40f998107df52b662a0610400,3fb9fa83ccdee8f1d67332fed6d0bd79b4f827a2,3728d278212e6652cc949b5d5c913799c58d95df,0,0,0,0,0,0,0,1,0,0,0,0,1,37,2805,904.09982174688,35.2941176470588,33.8680926916221,true,10.0,2014-09-22T22:18:46,2014-09-22T20:10:45,passed,101,[35976162],241,35976162,java,ok,,java-maven,junit,true,false,99,0,99,0,,0.82,,true
1222727,fernandezpablo85/scribe-java,false,,,java,,master,2,5ad8059b086ba8909bfd7f1800c14551c0faee86#b35ea8d8ed814515da95115ae211bc92ce818ea2,merge_found,,,2012-05-01T21:35:28,3,b35ea8d8ed814515da95115ae211bc92ce818ea2,1,b35ea8d8ed814515da95115ae211bc92ce818ea2,,b35ea8d8ed814515da95115ae211bc92ce818ea2,,0,,35,61,2,0,0,0,0,2,0,0,1,2357,880.780653372932,37.3355960967331,34.7899872719559,true,,2012-05-01T22:30:09,2012-05-01T22:30:48,passed,98,[1222728],14,1222728,java,unknown,,java-ant,,false,,,,,,,,0.0,true
4642652,fernandezpablo85/scribe-java,true,2013-02-07T14:06:49,348,java,merge_button,master,2,0359c853e2e248ab5b1422e436b37e3e1086fbb8#1453dfb94c1641a22f6665d516c7c1c7af4bbe75,build_found,479bfe6a425bd4b66f018417c247d52cc91216b8,3818229,2013-02-07T14:57:16,3,0359c853e2e248ab5b1422e436b37e3e1086fbb8,1,0359c853e2e248ab5b1422e436b37e3e1086fbb8,479bfe6a425bd4b66f018417c247d52cc91216b8,a662dea3a89bc2390860c194b2cf26626906ed9e,0,0,0,42,64,2,0,0,0,0,2,0,0,0,2641,872.775463839455,35.592578568724,34.0780007572889,true,13.0,2013-02-07T22:35:46,2013-02-07T16:45:26,passed,102,[4642653],87,4642653,java,unknown,,java-ant,,false,,,,,,,,0.0,true
1071853,fernandezpablo85/scribe-java,false,,,java,,master,5,2538b965453623533c251ad3e15bc0d209bf128f#90081a572c5a34b04ead69ab101e5ff6eddab287#129337d4d4e1ef4831417e4e68a5ac112d4e8f50#d35ef44b024a2913aa49fbbcc96d29b9692d939e#ed65d25697360f7cf038d1d1704bdd5c4f1fab7a,merge_found,,,2012-04-06T18:44:15,3,ed65d25697360f7cf038d1d1704bdd5c4f1fab7a,1,ed65d25697360f7cf038d1d1704bdd5c4f1fab7a,,ed65d25697360f7cf038d1d1704bdd5c4f1fab7a,,0,,61,66,2,0,0,0,0,2,0,0,5,2316,845.854922279793,34.9740932642487,34.5423143350604,true,,2012-04-12T03:53:09,2012-04-12T03:55:29,failed,96,[1071854],6,1071854,java,unknown,,java-ant,,false,,,,,,,,0.0,false
2434530,fernandezpablo85/scribe-java,false,,,java,,master,2,d1a7b474f57520314fee59bc422c6a1b96ab8559#422fb2b299f28ac32de66f3cf129f6fce79578c8,merge_found,,,2012-09-05T18:25:32,3,422fb2b299f28ac32de66f3cf129f6fce79578c8,1,422fb2b299f28ac32de66f3cf129f6fce79578c8,,422fb2b299f28ac32de66f3cf129f6fce79578c8,,0,,2,0,0,0,1,0,0,1,0,0,6,2491,868.325973504617,37.7358490566038,36.1300682456845,true,,2012-09-13T13:49:09,2012-09-13T13:50:56,passed,28,[2434531],47,2434531,java,unknown,,java-ant,,false,,,,,,,,0.0,true
29651054,fernandezpablo85/scribe-java,false,,,java,,master,3,5eeb6fe8b3914f7fd4961bed26bd8b4c66b082b9#cc55615470101c272bacf1fecd3dfa2a9b0692e9#e83fa1c3da06ca85468b69a7d7d13b0077f8079f,merge_found,,,2014-07-05T03:49:15,4,e83fa1c3da06ca85468b69a7d7d13b0077f8079f,1,e83fa1c3da06ca85468b69a7d7d13b0077f8079f,,e83fa1c3da06ca85468b69a7d7d13b0077f8079f,,0,,6,5,0,0,2,0,0,2,0,0,9,2805,904.45632798574,35.2941176470588,33.8680926916221,true,,2014-07-10T23:32:33,2014-07-10T23:33:23,passed,96,[29651055],226,29651055,java,ok,,java-maven,junit,true,false,99,0,99,0,,0.71,,true
3684842,fernandezpablo85/scribe-java,false,,,java,,master,1,877bcb7fa23edf30b755b2ce43821fb1c047ce5a,build_found,45cc91b50f3f13a50a15f69a261a6dfed4136f25,3684770,2012-12-16T02:13:18,3,877bcb7fa23edf30b755b2ce43821fb1c047ce5a,1,877bcb7fa23edf30b755b2ce43821fb1c047ce5a,,877bcb7fa23edf30b755b2ce43821fb1c047ce5a,,2,,0,0,0,0,3,0,0,0,0,1,82,2607,864.978902953586,36.0567702339854,34.5224395857307,true,,2012-12-16T02:16:00,2012-12-16T02:15:58,passed,32,[3684843],78,3684843,java,unknown,,java-ant,,false,,,,,,,,0.0,true
4933110,fernandezpablo85/scribe-java,false,,,java,,master,2,b85ca334ccda499ca7f7f02f0555c8f4a107151d#e7f578deafc49cfef39cc7df365291ce7517c76c,build_found,b3d83739980aa214bd93ed6c1a6a7ce4a4ce4077,4932696,2013-02-20T16:05:55,3,e7f578deafc49cfef39cc7df365291ce7517c76c#b85ca334ccda499ca7f7f02f0555c8f4a107151d,2,e7f578deafc49cfef39cc7df365291ce7517c76c,,e7f578deafc49cfef39cc7df365291ce7517c76c,,0,,2,0,0,0,3,0,0,1,0,1,61,2679,877.19298245614,35.0877192982456,33.5946248600224,true,,2013-02-20T16:11:29,2013-02-20T16:20:34,passed,212,[4933111],95,4933111,java,ok,,java-maven,junit,true,false,94,0,94,0,,0.65,,true
70755219,fernandezpablo85/scribe-java,false,,,java,,master,1,b88b9ddf805954be6abf3b0e4c0641a9f6edd803,build_found,02dfe8563f94181271cce94c22c3adaeda23b1ff,67032362,2015-07-13T15:17:21,4,b88b9ddf805954be6abf3b0e4c0641a9f6edd803,1,b88b9ddf805954be6abf3b0e4c0641a9f6edd803,,b88b9ddf805954be6abf3b0e4c0641a9f6edd803,,0,,19,0,0,0,1,0,0,1,0,0,9,2778,914.326853851692,35.6371490280778,35.6371490280778,true,,2015-07-13T15:17:29,2015-07-29T20:36:41,passed,96,[70755220],283,70755220,java,ok,3,java-maven,junit,true,false,99,0,99,0,,0.99,,true
2356906,fernandezpablo85/scribe-java,true,2012-09-06T10:59:56,299,java,merge_button,master,2,b058b68a36832e665dc10e304a23579be943648d#bf4f0db34ab5524c53abb5708ef0c0fa8520ceb3,build_found,a736912614301b595f9f1b88fde5880176a4d7ba,2345300,2012-09-06T12:58:03,3,b058b68a36832e665dc10e304a23579be943648d,1,b058b68a36832e665dc10e304a23579be943648d,a736912614301b595f9f1b88fde5880176a4d7ba,77814ba59ab5342750a2c7da369baabc6d1f4d25,0,0,0,2,0,0,0,1,0,0,1,0,0,1,2464,877.840909090909,38.1493506493507,36.525974025974,true,41.0,2012-09-07T14:30:02,2012-09-06T13:01:29,passed,33,[2356907],42,2356907,java,unknown,,java-ant,,false,,,,,,,,0.0,true
17729686,fernandezpablo85/scribe-java,false,,,java,,master,,,merge_found,,,,4,f70c628ac840245b97ebeae1280560b4f14b0d51,1,f70c628ac840245b97ebeae1280560b4f14b0d51,,f70c628ac840245b97ebeae1280560b4f14b0d51,,0,,30,0,0,0,1,0,0,1,0,0,9,2808,903.133903133903,35.2564102564103,33.8319088319088,true,,,2014-01-27T22:17:33,passed,138,[17729687],181,17729687,java,ok,,java-maven,junit,true,false,99,0,99,0,,0.8,,true
2441305,fernandezpablo85/scribe-java,false,,,java,,master,5,295d32ce5371920bcd13955bc8a2900b4fd2bbdc#3d2a3475d9bd94517695ea30ba7c416d50a1bf27#d4474cd6034a5653cfb7887d5d949dab20c98876#ca470f87a9c8c61c78aa020289a594be87394f74#7b4fe73ba2b958627d838704ee6a706abd266301,merge_found,,,2012-09-11T11:26:33,3,7b4fe73ba2b958627d838704ee6a706abd266301,1,7b4fe73ba2b958627d838704ee6a706abd266301,,7b4fe73ba2b958627d838704ee6a706abd266301,,0,,43,0,1,0,0,0,0,1,0,0,4,2522,857.652656621729,37.2720063441713,35.6859635210151,true,,2012-09-13T21:25:48,2012-09-13T21:25:56,passed,31,[2441306],50,2441306,java,unknown,,java-ant,,false,,,,,,,,0.0,true
3329660,fernandezpablo85/scribe-java,true,2012-11-23T15:51:54,328,java,merge_button,master,,,build_found,c1b3561c5d4421ff7dfc2a9df2bfb15262b66369,3136796,,3,55fb59c61022a6a229be939fd6ab4dd6689ada28,1,55fb59c61022a6a229be939fd6ab4dd6689ada28,c1b3561c5d4421ff7dfc2a9df2bfb15262b66369,e15f10e4b04b3c53295e3d1689a30e6272fec06a,0,0,0,27,60,2,0,0,0,0,2,0,0,0,2586,854.601701469451,36.3495746326373,34.8027842227378,false,59.0,,2012-11-23T16:54:10,passed,34,[3329661],70,3329661,java,unknown,,java-ant,,false,,,,,,,,0.0,true
2733448,fernandezpablo85/scribe-java,false,,,java,,master,1,eebc00f7e21ba190fa9c6f064f6d351b8b4a9cc5,build_found,09d85d6713af6c97ae7d4450f88ceac20c60e2fd,2733420,2012-10-10T11:35:06,3,eebc00f7e21ba190fa9c6f064f6d351b8b4a9cc5,1,eebc00f7e21ba190fa9c6f064f6d351b8b4a9cc5,,eebc00f7e21ba190fa9c6f064f6d351b8b4a9cc5,,0,,0,0,0,0,1,0,0,0,0,0,40,2533,853.928148440584,37.1101460718516,35.5309909198579,true,,2012-10-10T11:35:23,2012-10-10T11:35:42,passed,31,[2733449],57,2733449,java,unknown,,java-ant,,false,,,,,,,,0.0,true
5159142,fernandezpablo85/scribe-java,true,2013-03-01T11:36:52,362,java,merge_button,master,2,9b6a5ec1a82a65a563fc940f36d44d4d40c1b00d#ad55e225a668facb367956b47d7230fd4d253413,build_found,86f12eb5bcc1059833c0b8b19d5eb0c2a1726eaa,5146793,2013-03-01T12:30:04,3,9b6a5ec1a82a65a563fc940f36d44d4d40c1b00d,1,9b6a5ec1a82a65a563fc940f36d44d4d40c1b00d,86f12eb5bcc1059833c0b8b19d5eb0c2a1726eaa,12cd78e5d90793264152989cc130cc7e162d6b59,0,0,0,13,0,0,0,1,0,0,1,0,0,5,2789,859.447830763715,33.7038365005378,32.2696306920043,true,19.0,2013-03-07T17:49:30,2013-03-01T12:37:27,passed,236,[5159143],105,5159143,java,ok,,java-maven,junit,true,false,94,0,94,0,,0.77,,true
15989036,fernandezpablo85/scribe-java,false,,,java,,master,2,d25432be0517fa6b058a66fb1286e1a037582494#f8021ebc222288b4c23c09569c37910f7f9aa611,merge_found,,,2013-12-25T20:00:10,3,f8021ebc222288b4c23c09569c37910f7f9aa611,1,f8021ebc222288b4c23c09569c37910f7f9aa611,,f8021ebc222288b4c23c09569c37910f7f9aa611,,0,,2,0,0,0,1,0,0,1,0,0,10,2803,904.744916161256,35.3193007491973,33.8922582946843,true,,2013-12-26T12:58:30,2013-12-26T12:59:24,passed,89,[15989037],154,15989037,java,ok,,java-maven,junit,true,false,99,0,99,0,,0.64,,true
16675696,fernandezpablo85/scribe-java,true,2014-01-09T18:26:01,447,java,merge_button,master,2,71022007663ce4480c1e7ec79d762330d4e4207c#c775d45608da117c5bd3732cb331fc38fccf484f,build_found,77add59a4a661fa8e9c787c07b4e1ed76b6b3270,16555700,2014-01-09T19:24:13,3,71022007663ce4480c1e7ec79d762330d4e4207c,1,71022007663ce4480c1e7ec79d762330d4e4207c,77add59a4a661fa8e9c787c07b4e1ed76b6b3270,a3cb9d929577d8639f20dd60a37d6ab7d6d2fea3,0,0,0,8,0,0,0,1,0,0,1,0,0,17,2807,903.455646597791,35.2689704310652,33.8439615247595,true,17.0,2014-01-10T00:31:28,2014-01-09T19:46:00,passed,127,[16675697],158,16675697,java,ok,,java-maven,junit,true,false,99,0,99,0,,0.71,,true
1071910,fernandezpablo85/scribe-java,false,,,java,,master,1,1208fd815ac023f5acf2de491badbe8b68f98c40,build_found,ed65d25697360f7cf038d1d1704bdd5c4f1fab7a,1071853,2012-04-12T04:03:30,3,1208fd815ac023f5acf2de491badbe8b68f98c40,1,1208fd815ac023f5acf2de491badbe8b68f98c40,,1208fd815ac023f5acf2de491badbe8b68f98c40,,0,,0,0,1,0,1,0,0,1,0,0,37,2316,845.854922279793,34.9740932642487,34.5423143350604,true,,2012-04-12T04:04:41,2012-04-12T04:07:00,passed,105,[1071911],7,1071911,java,unknown,,java-ant,,false,,,,,,,,0.0,true
26005556,fernandezpablo85/scribe-java,false,,,java,,master,2,3e974d7375c0697eb464fdb1c0149b5f41495bc8#c4dbbcf98992d4f83f51e06ed2b71dc6f7eacb6a,merge_found,,,2014-05-24T07:23:21,4,c4dbbcf98992d4f83f51e06ed2b71dc6f7eacb6a,1,c4dbbcf98992d4f83f51e06ed2b71dc6f7eacb6a,,c4dbbcf98992d4f83f51e06ed2b71dc6f7eacb6a,,0,,0,2,0,0,1,0,0,1,0,0,13,2805,904.09982174688,35.2941176470588,33.8680926916221,true,,2014-05-25T19:34:03,2014-05-25T19:34:28,passed,95,[26005557],222,26005557,java,ok,,java-maven,junit,true,false,99,0,99,0,,0.64,,true
17241608,fernandezpablo85/scribe-java,false,,,java,,master,1,929d36f136f758bf7f016572881169510683bad3,build_found,e675441b943731a60ce4c0f2da2251631ff25f3c,17236211,2014-01-19T21:58:44,4,929d36f136f758bf7f016572881169510683bad3,1,929d36f136f758bf7f016572881169510683bad3,,929d36f136f758bf7f016572881169510683bad3,,0,,2,0,0,0,1,0,0,1,0,0,1,2822,898.653437278526,35.0815024805103,33.6640680368533,true,,2014-01-19T21:58:46,2014-01-19T21:59:36,passed,104,[17241609],168,17241609,java,ok,,java-maven,junit,true,false,99,0,99,0,,1.56,,true
7806217,fernandezpablo85/scribe-java,false,,,java,,master,2,a4851d8d9f6845b43d94f1ac4528ae63e3385fd8#cf6f10e3dfa9a7aedd82c5d8bb1862f498dc9717,merge_found,,,2013-06-05T12:34:35,3,cf6f10e3dfa9a7aedd82c5d8bb1862f498dc9717,1,cf6f10e3dfa9a7aedd82c5d8bb1862f498dc9717,,cf6f10e3dfa9a7aedd82c5d8bb1862f498dc9717,,0,,15,0,0,0,1,0,0,1,0,0,30,2795,857.602862254025,33.6314847942755,32.2003577817531,true,,2013-06-05T13:47:36,2013-06-05T13:49:11,passed,258,[7806218],122,7806218,java,ok,,java-maven,junit,true,false,94,0,94,0,,0.74,,true
4653097,fernandezpablo85/scribe-java,false,,,java,,master,2,0359c853e2e248ab5b1422e436b37e3e1086fbb8#1453dfb94c1641a22f6665d516c7c1c7af4bbe75,merge_found,,,2013-02-07T14:57:16,3,1453dfb94c1641a22f6665d516c7c1c7af4bbe75,1,1453dfb94c1641a22f6665d516c7c1c7af4bbe75,,1453dfb94c1641a22f6665d516c7c1c7af4bbe75,,0,,42,64,2,0,0,0,0,2,0,0,1,2641,872.775463839455,35.592578568724,34.0780007572889,true,,2013-02-07T22:35:46,2013-02-07T22:45:36,passed,97,[4653098],88,4653098,java,unknown,,java-ant,,false,,,,,,,,0.0,true
1683303,fernandezpablo85/scribe-java,false,,,java,,master,1,97fa26fce79f98d467edc1997b1a49df162bdb19,build_found,2f553869950bad9d9a79ad4d8103ca6cea5d5210,1558169,2012-06-22T16:27:30,3,97fa26fce79f98d467edc1997b1a49df162bdb19,1,97fa26fce79f98d467edc1997b1a49df162bdb19,,97fa26fce79f98d467edc1997b1a49df162bdb19,,0,,30,0,0,0,2,0,0,2,0,0,16,2368,876.689189189189,37.1621621621622,34.6283783783784,true,,2012-06-22T16:28:22,2012-06-22T16:28:25,passed,27,[1683304],17,1683304,java,unknown,,java-ant,,false,,,,,,,,0.0,true
2325648,fernandezpablo85/scribe-java,false,,,java,,master,,,merge_found,,,,3,f8448ee6f085ef5bc1bf7b3f84de122a91852ba9,1,f8448ee6f085ef5bc1bf7b3f84de122a91852ba9,,f8448ee6f085ef5bc1bf7b3f84de122a91852ba9,,0,,56,0,1,0,0,0,0,1,0,0,7,2464,877.840909090909,38.1493506493507,36.525974025974,true,,,2012-09-04T01:22:59,passed,33,[2325649],34,2325649,java,unknown,,java-ant,,false,,,,,,,,0.0,true
4774003,fernandezpablo85/scribe-java,false,,,java,,master,1,e0a13c80504cf052260b4ac6f64f9fbe53846edf,build_found,69eee25cacb270abe78ce1771694df5a68538c78,4767824,2013-02-13T17:03:20,3,e0a13c80504cf052260b4ac6f64f9fbe53846edf,1,e0a13c80504cf052260b4ac6f64f9fbe53846edf,,e0a13c80504cf052260b4ac6f64f9fbe53846edf,,0,,20,0,0,0,7,0,0,6,0,1,66,2668,880.809595202399,35.232383808096,33.7331334332834,true,,2013-02-13T17:03:34,2013-02-13T18:22:00,passed,232,[4774004],92,4774004,java,unknown,,java-ant,,false,,,,,,,,0.0,true
47048148,fernandezpablo85/scribe-java,false,,,java,,master,2,b48d5d68d1116bc3f43b22d381f8bf97112d5b8b#d610b291aa69502f2241371bce76a0bc08b23722,merge_found,,,2015-01-09T14:44:21,3,d610b291aa69502f2241371bce76a0bc08b23722,1,d610b291aa69502f2241371bce76a0bc08b23722,,d610b291aa69502f2241371bce76a0bc08b23722,,0,,4,0,0,0,1,0,0,1,0,0,11,2805,904.45632798574,35.2941176470588,33.8680926916221,true,,2015-01-14T22:06:04,2015-01-14T22:06:50,passed,101,[47048149],264,47048149,java,ok,2,java-maven,junit,true,false,99,0,99,0,,0.99,,true
22274058,fernandezpablo85/scribe-java,false,,,java,,master,2,9bcb7a478c73832725e35fe8d5f354dbae9381e0#5b7f44e772fc77d1e1d22cdd79c2f366e9cfb1bf,merge_found,,,2014-04-04T07:30:20,4,5b7f44e772fc77d1e1d22cdd79c2f366e9cfb1bf,1,5b7f44e772fc77d1e1d22cdd79c2f366e9cfb1bf,,5b7f44e772fc77d1e1d22cdd79c2f366e9cfb1bf,,0,,25,0,0,0,12,0,0,12,0,0,39,2808,903.133903133903,35.2564102564103,33.8319088319088,true,,2014-04-04T14:39:36,2014-04-04T14:41:45,passed,123,[22274059],205,22274059,java,ok,,java-maven,junit,true,false,99,0,99,0,,0.62,,true
74490143,fernandezpablo85/scribe-java,false,,,java,,master,1,b36b161d3680c04ac560e05973c97ebb6ce55e09,build_found,36c5d828dfde9e7c34808cb8c71e3e5199535985,73390750,2015-08-06T22:25:04,4,b36b161d3680c04ac560e05973c97ebb6ce55e09,1,b36b161d3680c04ac560e05973c97ebb6ce55e09,,b36b161d3680c04ac560e05973c97ebb6ce55e09,,0,,4,0,0,0,1,0,0,1,0,0,7,2794,912.312097351467,35.7909806728704,36.8647100930566,true,,2015-08-06T22:25:16,2015-08-06T22:26:10,passed,95,[74490144],286,74490144,java,ok,3,java-maven,junit,true,false,100,0,100,0,,0.98,,true
17236211,fernandezpablo85/scribe-java,false,,,java,,master,1,e675441b943731a60ce4c0f2da2251631ff25f3c,build_found,f46114f0fc0e1d1aa137f62b8493ed68afb56383,17235493,2014-01-19T20:06:19,4,e675441b943731a60ce4c0f2da2251631ff25f3c,1,e675441b943731a60ce4c0f2da2251631ff25f3c,,e675441b943731a60ce4c0f2da2251631ff25f3c,,0,,109,0,1,1,0,0,0,1,0,0,35,2822,898.653437278526,35.0815024805103,33.6640680368533,true,,2014-01-19T20:06:29,2014-01-19T20:07:15,passed,92,[17236212],167,17236212,java,ok,,java-maven,junit,true,false,99,0,99,0,,0.69,,true
4792993,fernandezpablo85/scribe-java,false,,,java,,master,2,28cd1740c1874627b58fe99f126a7cfb3d729a05#045914d2c0b1a049509fd9ddcdc77efff075985a,build_found,e0a13c80504cf052260b4ac6f64f9fbe53846edf,4774003,2013-02-14T13:30:29,3,045914d2c0b1a049509fd9ddcdc77efff075985a#28cd1740c1874627b58fe99f126a7cfb3d729a05,2,045914d2c0b1a049509fd9ddcdc77efff075985a,,045914d2c0b1a049509fd9ddcdc77efff075985a,,1,,18,0,0,0,7,0,0,7,0,0,21,2671,879.820292025459,35.1928116810183,33.6952452265069,true,,2013-02-14T13:42:58,2013-02-14T16:31:39,passed,263,[4792994],93,4792994,java,unknown,,java-ant,,false,,,,,,,,0.0,true
1282642,fernandezpablo85/scribe-java,false,,,java,,master,1,cf9c4be00c2142fbfed6735d7d109bb2e90e4af6,build_found,b35ea8d8ed814515da95115ae211bc92ce818ea2,1222727,2012-05-09T05:13:50,3,cf9c4be00c2142fbfed6735d7d109bb2e90e4af6,1,cf9c4be00c2142fbfed6735d7d109bb2e90e4af6,,cf9c4be00c2142fbfed6735d7d109bb2e90e4af6,,0,,0,0,0,0,2,0,0,0,0,1,58,2357,880.780653372932,37.3355960967331,34.7899872719559,true,,2012-05-09T05:14:03,2012-05-09T05:15:02,passed,98,[1282643],15,1282643,java,unknown,,java-ant,,false,,,,,,,,0.0,true
1558169,fernandezpablo85/scribe-java,false,,,java,,master,2,23fa5946a92d530dbb4b46359aaa38197a2fcb6c#2f553869950bad9d9a79ad4d8103ca6cea5d5210,merge_found,,,2012-06-07T10:56:00,3,2f553869950bad9d9a79ad4d8103ca6cea5d5210,1,2f553869950bad9d9a79ad4d8103ca6cea5d5210,,2f553869950bad9d9a79ad4d8103ca6cea5d5210,,0,,2,0,0,0,1,0,0,1,0,0,5,2357,880.780653372932,37.3355960967331,34.7899872719559,true,,2012-06-07T14:40:28,2012-06-07T14:40:29,passed,103,[1558170],16,1558170,java,unknown,,java-ant,,false,,,,,,,,0.0,true
3684770,fernandezpablo85/scribe-java,false,,,java,,master,2,7b4ebc3a728ef9614c2f2946d21664130c32a8df#45cc91b50f3f13a50a15f69a261a6dfed4136f25,merge_found,,,2012-12-13T10:59:42,3,45cc91b50f3f13a50a15f69a261a6dfed4136f25,1,45cc91b50f3f13a50a15f69a261a6dfed4136f25,,45cc91b50f3f13a50a15f69a261a6dfed4136f25,,0,,27,59,2,0,0,0,0,2,0,0,1,2607,864.978902953586,36.0567702339854,34.5224395857307,true,,2012-12-16T02:01:50,2012-12-16T02:05:00,passed,39,[3684771],77,3684771,java,unknown,,java-ant,,false,,,,,,,,0.0,true
5146793,fernandezpablo85/scribe-java,false,,,java,,master,1,86f12eb5bcc1059833c0b8b19d5eb0c2a1726eaa,build_found,c9401eb62df5d98e7c0aef04719bed98cc18cf00,4990177,2013-02-28T23:08:28,3,86f12eb5bcc1059833c0b8b19d5eb0c2a1726eaa,1,86f12eb5bcc1059833c0b8b19d5eb0c2a1726eaa,,86f12eb5bcc1059833c0b8b19d5eb0c2a1726eaa,,0,,108,0,3,0,4,0,0,6,0,1,50,2783,861.300754581387,33.7765001796622,32.3392022996766,true,,2013-02-28T23:10:10,2013-02-28T23:10:38,passed,225,[5146794],103,5146794,java,ok,,java-maven,junit,true,false,94,0,94,0,,0.68,,true
25927220,fernandezpablo85/scribe-java,true,2014-05-24T05:24:56,490,java,commits_in_master,master,2,3e974d7375c0697eb464fdb1c0149b5f41495bc8#c4dbbcf98992d4f83f51e06ed2b71dc6f7eacb6a,build_found,ed359d36f2d49c412c929ce1fbca824f26c07b34,25614676,2014-05-24T07:23:21,4,3e974d7375c0697eb464fdb1c0149b5f41495bc8,1,3e974d7375c0697eb464fdb1c0149b5f41495bc8,ed359d36f2d49c412c929ce1fbca824f26c07b34,02950c8be1e796d18c5d34c07df17f75e1ea60ae,0,0,0,0,2,0,0,1,0,0,1,0,0,12,2805,904.09982174688,35.2941176470588,33.8680926916221,false,8.0,2014-05-25T19:34:03,2014-05-24T07:25:35,passed,101,[25927221],218,25927221,java,ok,,java-maven,junit,true,false,99,0,99,0,,0.67,,true
17235204,fernandezpablo85/scribe-java,false,,,java,,mvn-repo,2,b1878c44375761e77ca3720f35480f8188dc988d#77add59a4a661fa8e9c787c07b4e1ed76b6b3270,merge_found,,,2014-01-07T21:49:43,4,77add59a4a661fa8e9c787c07b4e1ed76b6b3270,1,77add59a4a661fa8e9c787c07b4e1ed76b6b3270,,77add59a4a661fa8e9c787c07b4e1ed76b6b3270,,0,,0,0,0,0,1,0,0,0,0,0,34,2803,904.744916161256,35.3193007491973,33.8922582946843,true,,2014-01-07T22:23:21,2014-01-19T19:43:21,passed,91,[17235205],164,17235205,java,ok,,java-maven,junit,true,false,99,0,99,0,,1.28,,true
985618,fernandezpablo85/scribe-java,false,,,java,,master,7,9c631674d210eda50d373826eb0920f2496b6ca9#4aa62564872d9c7a1c494eba507fbbc6f99469d1#92ffe2cc039dcf164ddcb04e8cdf801e3d857546#dbc1bd9c858f4c6f7efce1fa2f04a5d9a87b5e36#98801d7b8697dc6fc507adb710544e78cf13ca81#4bb6e49b61ee27bc8c9fde2c62823cbd4fc3249b#9fbc9b2d723884af6ab71646853b107c3d3ca7e3,merge_found,,,2012-03-29T19:28:44,3,9fbc9b2d723884af6ab71646853b107c3d3ca7e3,1,9fbc9b2d723884af6ab71646853b107c3d3ca7e3,,9fbc9b2d723884af6ab71646853b107c3d3ca7e3,,0,,26,60,2,0,0,0,0,2,0,0,4,2266,841.129744042365,35.7458075904678,35.3045013239188,true,,2012-03-30T22:58:26,2012-03-30T23:00:12,failed,1818,[985619],3,985619,java,unknown,,java-ant,,false,,,,,,,,,false
22861096,fernandezpablo85/scribe-java,false,,,java,,master,2,eac0ffd257f804b773cd471271f02b646e1b157f#135ad50a4e4e27e97f09e42ae50d6011c7af7a4b,merge_found,,,2012-09-27T01:42:12,4,135ad50a4e4e27e97f09e42ae50d6011c7af7a4b,1,135ad50a4e4e27e97f09e42ae50d6011c7af7a4b,,135ad50a4e4e27e97f09e42ae50d6011c7af7a4b,,0,,4,0,0,0,1,0,0,1,0,0,6,2805,904.09982174688,35.2941176470588,33.8680926916221,true,,2014-04-12T22:04:21,2014-04-12T22:05:13,passed,118,[22861097],208,22861097,java,ok,,java-maven,junit,true,false,99,0,99,0,,0.65,,true
1193180,fernandezpablo85/scribe-java,false,,,java,,master,2,d39f7ab3fc3f75a2ea0c2284fe131783fdfb1332#3f4189607c46a03b95ac2fe055d5605b0015b73d,merge_found,,,2012-04-27T18:25:04,3,3f4189607c46a03b95ac2fe055d5605b0015b73d,1,3f4189607c46a03b95ac2fe055d5605b0015b73d,,3f4189607c46a03b95ac2fe055d5605b0015b73d,,0,,4,16,0,0,2,0,0,2,0,0,7,2316,851.899827288428,37.5647668393782,34.5423143350604,true,,2012-04-27T20:17:19,2012-04-27T20:17:48,passed,98,[1193181],9,1193181,java,unknown,,java-ant,,false,,,,,,,,0.0,true
35988581,fernandezpablo85/scribe-java,false,,,java,,master,3,a01963ec7c4f5bb40f998107df52b662a0610400#99ae2c34b822db588e19810a22da2ce74e3144b0#648f8e359a20c6538c71c8b4925c324aadf44fcd,merge_found,,,2014-09-22T20:05:21,3,648f8e359a20c6538c71c8b4925c324aadf44fcd,1,648f8e359a20c6538c71c8b4925c324aadf44fcd,,648f8e359a20c6538c71c8b4925c324aadf44fcd,,0,,0,0,0,0,1,0,0,0,0,1,38,2805,904.45632798574,35.2941176470588,33.8680926916221,true,,2014-09-22T22:18:46,2014-09-22T22:19:42,passed,96,[35988582],244,35988582,java,ok,,java-maven,junit,true,false,99,0,99,0,,0.8,,true
22274104,fernandezpablo85/scribe-java,false,,,java,,master,3,32c37cde6903f632d592bca0e279cf59e5f8fa6f#bb6435dda17cad428ca03518c111f8b79550e72c#304cb6a0c16b4c24e422b0bba2a053af60d9dadc,merge_found,,,2014-04-04T07:51:53,4,304cb6a0c16b4c24e422b0bba2a053af60d9dadc,1,304cb6a0c16b4c24e422b0bba2a053af60d9dadc,,304cb6a0c16b4c24e422b0bba2a053af60d9dadc,,0,,74,0,0,0,1,0,0,1,0,0,11,2805,904.09982174688,35.2941176470588,33.8680926916221,true,,2014-04-04T14:40:11,2014-04-04T14:42:32,passed,130,[22274105],206,22274105,java,ok,,java-maven,junit,true,false,99,0,99,0,,1.35,,true
25614676,fernandezpablo85/scribe-java,false,,,java,,1.3.7,1,ed359d36f2d49c412c929ce1fbca824f26c07b34,build_found,135ad50a4e4e27e97f09e42ae50d6011c7af7a4b,22861096,2014-05-20T15:44:13,4,ed359d36f2d49c412c929ce1fbca824f26c07b34,1,ed359d36f2d49c412c929ce1fbca824f26c07b34,,ed359d36f2d49c412c929ce1fbca824f26c07b34,,0,,0,0,0,0,1,0,0,0,0,1,36,2805,904.09982174688,35.2941176470588,33.8680926916221,true,,2014-05-20T15:45:54,2014-05-20T15:48:23,passed,109,[25614677],216,25614677,java,ok,,java-maven,junit,true,false,99,0,99,0,,0.81,,true
5320018,fernandezpablo85/scribe-java,false,,,java,,master,2,9b6a5ec1a82a65a563fc940f36d44d4d40c1b00d#ad55e225a668facb367956b47d7230fd4d253413,merge_found,,,2013-03-01T12:30:04,3,ad55e225a668facb367956b47d7230fd4d253413,1,ad55e225a668facb367956b47d7230fd4d253413,,ad55e225a668facb367956b47d7230fd4d253413,,0,,13,0,0,0,1,0,0,1,0,0,6,2789,859.447830763715,33.7038365005378,32.2696306920043,true,,2013-03-07T17:49:30,2013-03-07T17:51:01,passed,338,[5320019],107,5320019,java,ok,,java-maven,junit,true,false,94,0,94,0,,0.86,,true
4755569,fernandezpablo85/scribe-java,false,,,java,,master,1,0cb3301b8e07a54c7ff8bdd99961de421e6a49f2,build_found,1453dfb94c1641a22f6665d516c7c1c7af4bbe75,4653097,2013-02-12T21:54:43,3,0cb3301b8e07a54c7ff8bdd99961de421e6a49f2,1,0cb3301b8e07a54c7ff8bdd99961de421e6a49f2,,0cb3301b8e07a54c7ff8bdd99961de421e6a49f2,,1,,34,59,1,0,1,0,0,2,0,0,7,2666,881.470367591898,35.2588147036759,33.7584396099025,true,,2013-02-12T21:56:07,2013-02-12T21:56:53,passed,100,[4755570],90,4755570,java,unknown,,java-ant,,false,,,,,,,,0.0,true
25955183,fernandezpablo85/scribe-java,false,,,java,,1.3.6,1,76d6810e85fd62f8561c1b95c85edfad2c241afe,build_found,26792c063045e9557e79c9e84c3709f5ada22395,17776314,2014-03-17T18:57:56,4,76d6810e85fd62f8561c1b95c85edfad2c241afe,1,76d6810e85fd62f8561c1b95c85edfad2c241afe,,76d6810e85fd62f8561c1b95c85edfad2c241afe,,0,,2,0,0,0,2,0,0,1,0,1,37,2808,903.133903133903,35.2564102564103,33.8319088319088,true,,2014-03-18T14:40:25,2014-05-24T19:22:30,passed,85,[25955184],220,25955184,java,ok,,java-maven,junit,true,false,99,0,99,0,,0.67,,true
17061358,fernandezpablo85/scribe-java,false,,,java,,master,2,f000558883403da839df73b33796825a3c626c48#371136152befbbd1904b6310644a9f6150f8bffc,merge_found,,,2013-12-10T13:46:39,3,371136152befbbd1904b6310644a9f6150f8bffc,1,371136152befbbd1904b6310644a9f6150f8bffc,,371136152befbbd1904b6310644a9f6150f8bffc,,0,,21,0,0,0,3,0,0,3,0,0,15,2822,898.653437278526,35.0815024805103,33.6640680368533,true,,2014-01-16T13:47:01,2014-01-16T13:47:58,passed,109,[17061359],163,17061359,java,ok,,java-maven,junit,true,false,99,0,99,0,,1.38,,true
10543705,fernandezpablo85/scribe-java,false,,,java,,master,2,f661af08c016f710329040c677710b0a96385ed3#7fca6d5c188e2a5102da4a162167697f241ab2c0,merge_found,,,2013-08-23T15:20:19,3,7fca6d5c188e2a5102da4a162167697f241ab2c0,1,7fca6d5c188e2a5102da4a162167697f241ab2c0,,7fca6d5c188e2a5102da4a162167697f241ab2c0,,0,,0,3,0,0,1,0,0,1,0,0,7,2795,857.602862254025,33.6314847942755,32.2003577817531,true,,2013-08-23T16:32:55,2013-08-23T16:34:59,passed,218,[10543706],139,10543706,java,ok,,java-maven,junit,true,false,94,0,94,0,,0.79,,true
1204872,fernandezpablo85/scribe-java,false,,,java,,master,3,488fc1451a23f148a9e8adfa37879213b3f55848#13d1eaea0ab2910230c8d6b57049ab170a931217#965a1ecd3fb3c6175cce61dcb3a708481b710a21,merge_found,,,2012-04-17T02:47:00,3,965a1ecd3fb3c6175cce61dcb3a708481b710a21,1,965a1ecd3fb3c6175cce61dcb3a708481b710a21,,965a1ecd3fb3c6175cce61dcb3a708481b710a21,,0,,31,65,2,0,1,0,0,3,0,0,7,2344,862.627986348123,37.1160409556314,34.1296928327645,true,,2012-04-29T19:06:58,2012-04-29T19:07:32,passed,147,[1204873],12,1204873,java,unknown,,java-ant,,false,,,,,,,,0.0,true
15022239,fernandezpablo85/scribe-java,false,,,java,,master,1,94add5a8dc5e14e06f3f10108a3e33f7825d56e6,build_found,b06efa5058fef019b493e8125dd015fe2e1e6ec5,14554658,2013-12-06T04:18:52,3,94add5a8dc5e14e06f3f10108a3e33f7825d56e6,1,94add5a8dc5e14e06f3f10108a3e33f7825d56e6,,94add5a8dc5e14e06f3f10108a3e33f7825d56e6,,0,,0,4,0,0,1,0,0,1,0,0,8,2803,904.744916161256,35.3193007491973,33.8922582946843,true,,2013-12-06T04:18:53,2013-12-06T04:19:33,passed,102,[15022240],149,15022240,java,ok,,java-maven,junit,true,false,99,0,99,0,,0.75,,true
56411531,fernandezpablo85/scribe-java,false,,,java,,master,2,6135a0bd0f51bc247f8e0465ee9bcd4ce35a16f8#a041f626bf959da1da0d5a95eeba37da12c92487,merge_found,,,2015-03-10T11:07:55,4,a041f626bf959da1da0d5a95eeba37da12c92487,1,a041f626bf959da1da0d5a95eeba37da12c92487,,a041f626bf959da1da0d5a95eeba37da12c92487,,0,,2,10,0,0,3,0,0,2,0,1,46,2778,914.326853851692,35.6371490280778,35.6371490280778,true,,2015-03-30T13:21:38,2015-03-30T13:23:41,passed,114,[56411532],274,56411532,java,ok,4,java-maven,junit,true,false,99,0,99,0,,1.13,,true
985721,fernandezpablo85/scribe-java,false,,,java,,master,1,b83113a0256d0eaf0341f0534a77ccfb17ea6ebc,build_found,9fbc9b2d723884af6ab71646853b107c3d3ca7e3,985618,2012-03-30T23:36:30,3,b83113a0256d0eaf0341f0534a77ccfb17ea6ebc,1,b83113a0256d0eaf0341f0534a77ccfb17ea6ebc,,b83113a0256d0eaf0341f0534a77ccfb17ea6ebc,,0,,0,0,0,0,1,0,0,0,0,1,2,2266,841.129744042365,35.7458075904678,35.3045013239188,true,,2012-03-30T23:36:40,2012-03-30T23:38:27,passed,116,[985722],4,985722,java,unknown,,java-ant,,false,,,,,,,,0.0,true
1212438,fernandezpablo85/scribe-java,false,,,java,,master,4,5c030ca36020097e8c80767c940a40d3083ac246#0a45342004252c91264bd400cf108187088cbd60#d721204939523368794b62bd760e72ed15b40960#294c3115d5bb31f610f90127c50c9becb852bc73,merge_found,,,2012-04-27T18:36:36,3,294c3115d5bb31f610f90127c50c9becb852bc73,1,294c3115d5bb31f610f90127c50c9becb852bc73,,294c3115d5bb31f610f90127c50c9becb852bc73,,0,,33,9,0,0,3,0,0,3,0,0,15,2333,870.124303471925,37.719674239177,35.147878268324,true,,2012-04-30T17:14:34,2012-04-30T17:15:10,passed,98,[1212439],13,1212439,java,unknown,,java-ant,,false,,,,,,,,0.0,true
37009899,fernandezpablo85/scribe-java,true,2014-10-03T19:56:09,515,java,commits_in_master,master,2,b1813fdd186fa8581e9a89653cfeba495ed0569c#e47e494ce39f9b180352fc9b5fd73c8b3ccce7f8,build_found,648f8e359a20c6538c71c8b4925c324aadf44fcd,35988581,2014-10-03T21:46:53,3,b1813fdd186fa8581e9a89653cfeba495ed0569c,1,b1813fdd186fa8581e9a89653cfeba495ed0569c,648f8e359a20c6538c71c8b4925c324aadf44fcd,58ffe89a3917f4f84b54c853a3555d3798f44d65,3,0,0,3,0,0,0,3,0,0,1,0,2,45,2805,904.45632798574,35.2941176470588,33.8680926916221,true,51.0,2014-10-03T22:12:58,2014-10-03T21:56:59,passed,98,[37009900],248,37009900,java,ok,3,java-maven,junit,true,false,99,0,99,0,,0.97,,true
8347534,fernandezpablo85/scribe-java,false,,,java,,master,,,build_found,53fd69aa9e855de9f7061fbfdb039268632051e7,8289850,,3,cafa2fd69f70bfbf81324c83528b196ca7c14998,1,cafa2fd69f70bfbf81324c83528b196ca7c14998,,cafa2fd69f70bfbf81324c83528b196ca7c14998,,0,,0,0,0,0,2,0,0,0,0,1,56,2795,857.602862254025,33.6314847942755,32.2003577817531,true,,,2013-06-22T22:07:04,passed,89,[8347535],132,8347535,java,ok,,java-maven,junit,true,false,94,0,94,0,,0.63,,true
